{"cameraMode":{"drawMode":0,"name":"Shaded","section":"Shading Mode"},"sceneLighting":false,"audioPlay":false,"sceneViewState":{"m_AlwaysRefresh":false,"showFog":true,"showSkybox":false,"showFlares":true,"showImageEffects":true,"showParticleSystems":true,"showVisualEffectGraphs":true,"m_FxEnabled":true},"in2DMode":false,"pivot":{"x":10.162944793701172,"y":2.110915184020996,"z":2.2395365238189699},"rotation":{"x":0.004257467109709978,"y":-0.3251592516899109,"z":0.001461715204641223,"w":0.9456419348716736},"size":0.8660253882408142,"orthographic":false}